{"cameraMode":{"drawMode":0,"name":"Shaded","section":"Shading Mode"},"sceneLighting":true,"audioPlay":false,"sceneViewState":{"showFog":true,"showMaterialUpdate":false,"showSkybox":true,"showFlares":true,"showImageEffects":true,"showParticleSystems":true},"in2DMode":false,"pivot":{"x":8.662105560302735,"y":-96.05396270751953,"z":65.72410583496094},"rotation":{"x":0.2258259803056717,"y":-0.7499632239341736,"z":0.5351917743682861,"w":0.3164551854133606},"size":139.20785522460938,"orthographic":false}