{"cameraMode":{"drawMode":0,"name":"Shaded","section":"Shading Mode"},"sceneLighting":true,"audioPlay":false,"sceneViewState":{"showFog":true,"showMaterialUpdate":false,"showSkybox":false,"showFlares":true,"showImageEffects":true,"showParticleSystems":true},"in2DMode":false,"pivot":{"x":2.0299949645996095,"y":5.7777099609375,"z":67.50900268554688},"rotation":{"x":0.2972962558269501,"y":-0.6534974575042725,"z":0.6221280694007874,"w":0.3122933804988861},"size":89.98176574707031,"orthographic":false}